img book,link book,page count,year,size,number download,new
https://s.pdfdrive.com/assets/thumbs/f64/f64514358a470656f9656ec0f7d286ae-s.jpg,https://www.pdfdrive.com/java-for-absolute-beginners-learn-to-program-the-fundamentals-the-java-9-way-e185771881.html,623 Pages,2019,13.42 MB,"99,348 Downloads",New!
https://s.pdfdrive.com/assets/thumbs/608/6084d61c1422223f66c68c68a41aeda1-s.jpg,https://www.pdfdrive.com/java-java-programming-for-beginners-a-simple-start-to-java-programming-e186416077.html,221 Pages,2016,837 KB,"23,176 Downloads",New!
https://s.pdfdrive.com/assets/thumbs/d87/d87b720ae544742b0378e197c843dc85-s.jpg,https://www.pdfdrive.com/java-easy-java-programming-for-beginners-your-step-by-step-guide-to-learning-java-programming-e186308193.html,inconnu,2016,2.35 MB,"66,263 Downloads",New!
https://s.pdfdrive.com/assets/thumbs/265/2659aac2cb5244e6aeb4b203b9354d4b-s.jpg,https://www.pdfdrive.com/java-interview-questions-top-20-java-interview-programs-and-answers-e158308977.html,457 Pages,2017,1.35 MB,"37,389 Downloads",New!
https://s.pdfdrive.com/assets/thumbs/033/0332f0a4d679d2f98a4917414b124e6d-s.jpg,https://www.pdfdrive.com/java-interview-notes-700-java-interview-questions-answered-e188451446.html,224 Pages,2016,1.63 MB,"19,903 Downloads",New!
https://s.pdfdrive.com/assets/thumbs/501/501b9352335a4fd0ab002662a3887de9-s.jpg,https://www.pdfdrive.com/java-java-java-trinity-college-e873097.html,865 Pages,2012,6.28 MB,"7,175 Downloads",old
https://s.pdfdrive.com/assets/thumbs/bc7/bc77d785237774eafdd93194c7597c3f-s.jpg,https://www.pdfdrive.com/software-development-for-engineers-cc-pascal-assembly-visual-basic-html-java-script-java-e161800073.html,inconnu,1997,35.19 MB,"42,601 Downloads",New!
https://s.pdfdrive.com/assets/thumbs/b25/b259829741ac7023105df22023010ce1-s.jpg,https://www.pdfdrive.com/sams-teach-yourself-java-in-21-days-covering-java-7-and-android-e948754.html,85 Pages,2012,741 KB,"16,697 Downloads",old
https://s.pdfdrive.com/assets/thumbs/164/164044b5afed785abb69698f89ff6917-s.jpg,https://www.pdfdrive.com/java-para-novatos-cómo-aprender-programación-orientada-a-objetos-con-java-sin-desesperarse-e106240086.html,459 Pages,2017,2.8 MB,"14,121 Downloads",New!
https://s.pdfdrive.com/assets/thumbs/c05/c05da6378d59f26c729ad7ae2ece5ade-s.jpg,https://www.pdfdrive.com/opencv-30-computer-vision-with-java-create-multiplatform-computer-vision-desktop-and-web-applications-using-the-combination-of-opencv-and-java-e167346593.html,174 Pages,2015,5.23 MB,"13,991 Downloads",New!
https://s.pdfdrive.com/assets/thumbs/da3/da347d1a6716b3a5932344fb28acbe3f-s.jpg,https://www.pdfdrive.com/fundamentals-of-the-java-programming-language-java-se-6-e8677875.html,301 Pages,2009,6.39 MB,"12,997 Downloads",old
https://s.pdfdrive.com/assets/thumbs/f20/f208d4c4de14c88fb4b93e7553b05ea4-s.jpg,https://www.pdfdrive.com/java-programming-learn-advanced-skills-from-a-java-expert-e187009985.html,669 Pages,2016,8.69 MB,"10,551 Downloads",New!
https://s.pdfdrive.com/assets/thumbs/3dc/3dc94d9ce4f2cb155331aba76718d8c6-s.jpg,https://www.pdfdrive.com/pro-jpa-2-in-java-ee-8-an-in-depth-guide-to-java-persistence-apis-e158453877.html,771 Pages,2018,7.28 MB,"10,527 Downloads",New!
https://s.pdfdrive.com/assets/thumbs/d3c/d3c329dd2c26839e9c292edfb0b5c054-s.jpg,https://www.pdfdrive.com/functional-programming-in-java-how-functional-techniques-improve-your-java-programs-e187679724.html,476 Pages,2017,6.39 MB,"8,031 Downloads",New!
https://s.pdfdrive.com/assets/thumbs/298/29832a3743491bf8a70ddbaace686bf5-s.jpg,https://www.pdfdrive.com/learn-java-8-in-a-week-a-beginners-guide-to-java-programming-e188445398.html,107 Pages,2019,2.42 MB,"7,676 Downloads",New!
https://s.pdfdrive.com/assets/thumbs/58c/58c7e9e501565ad2197077ea8ecb6e7a-s.jpg,https://www.pdfdrive.com/android-app-development-in-android-studio-javaandroid-edition-for-beginners-e60596566.html,202 Pages,2017,10.08 MB,"68,107 Downloads",old
https://s.pdfdrive.com/assets/thumbs/25e/25ecf04119247a5286ea0ce374b2a30f-s.jpg,https://www.pdfdrive.com/android-programming-for-beginners-learn-all-the-java-and-android-skills-you-need-to-start-making-powerful-mobile-applications-e182719860.html,698 Pages,2015,10.1 MB,"67,474 Downloads",New!
https://s.pdfdrive.com/assets/thumbs/395/395a46f7b0f8e5a7175a46e7419c930a-s.jpg,https://www.pdfdrive.com/java-ee-7-developer-handbook-develop-professional-applications-in-java-ee-7-with-this-essential-e187378304.html,634 Pages,2016,8.31 MB,"5,562 Downloads",New!
https://s.pdfdrive.com/assets/thumbs/224/224c6bfec6d59734fcd89060d4a821d7-s.jpg,https://www.pdfdrive.com/head-first-java-e175339683.html,722 Pages,2016,45.44 MB,"42,191 Downloads",New!
https://s.pdfdrive.com/assets/thumbs/b74/b748c9fdf915647af7fd8a3aad26d122-s.jpg,https://www.pdfdrive.com/head-first-java-2nd-e19984272.html,690 Pages,2008,33.97 MB,"38,946 Downloads",old
https://s.pdfdrive.com/assets/thumbs/f64/f64514358a470656f9656ec0f7d286ae-s.jpg,https://www.pdfdrive.com/java-for-absolute-beginners-learn-to-program-the-fundamentals-the-java-9-way-e185771881.html,623 Pages,2019,13.42 MB,"99,348 Downloads",New!
https://s.pdfdrive.com/assets/thumbs/608/6084d61c1422223f66c68c68a41aeda1-s.jpg,https://www.pdfdrive.com/java-java-programming-for-beginners-a-simple-start-to-java-programming-e186416077.html,221 Pages,2016,837 KB,"23,176 Downloads",New!
https://s.pdfdrive.com/assets/thumbs/d87/d87b720ae544742b0378e197c843dc85-s.jpg,https://www.pdfdrive.com/java-easy-java-programming-for-beginners-your-step-by-step-guide-to-learning-java-programming-e186308193.html,inconnu,2016,2.35 MB,"66,263 Downloads",New!
https://s.pdfdrive.com/assets/thumbs/265/2659aac2cb5244e6aeb4b203b9354d4b-s.jpg,https://www.pdfdrive.com/java-interview-questions-top-20-java-interview-programs-and-answers-e158308977.html,457 Pages,2017,1.35 MB,"37,389 Downloads",New!
https://s.pdfdrive.com/assets/thumbs/033/0332f0a4d679d2f98a4917414b124e6d-s.jpg,https://www.pdfdrive.com/java-interview-notes-700-java-interview-questions-answered-e188451446.html,224 Pages,2016,1.63 MB,"19,903 Downloads",New!
https://s.pdfdrive.com/assets/thumbs/501/501b9352335a4fd0ab002662a3887de9-s.jpg,https://www.pdfdrive.com/java-java-java-trinity-college-e873097.html,865 Pages,2012,6.28 MB,"7,175 Downloads",old
https://s.pdfdrive.com/assets/thumbs/bc7/bc77d785237774eafdd93194c7597c3f-s.jpg,https://www.pdfdrive.com/software-development-for-engineers-cc-pascal-assembly-visual-basic-html-java-script-java-e161800073.html,inconnu,1997,35.19 MB,"42,601 Downloads",New!
https://s.pdfdrive.com/assets/thumbs/b25/b259829741ac7023105df22023010ce1-s.jpg,https://www.pdfdrive.com/sams-teach-yourself-java-in-21-days-covering-java-7-and-android-e948754.html,85 Pages,2012,741 KB,"16,697 Downloads",old
https://s.pdfdrive.com/assets/thumbs/164/164044b5afed785abb69698f89ff6917-s.jpg,https://www.pdfdrive.com/java-para-novatos-cómo-aprender-programación-orientada-a-objetos-con-java-sin-desesperarse-e106240086.html,459 Pages,2017,2.8 MB,"14,121 Downloads",New!
https://s.pdfdrive.com/assets/thumbs/c05/c05da6378d59f26c729ad7ae2ece5ade-s.jpg,https://www.pdfdrive.com/opencv-30-computer-vision-with-java-create-multiplatform-computer-vision-desktop-and-web-applications-using-the-combination-of-opencv-and-java-e167346593.html,174 Pages,2015,5.23 MB,"13,991 Downloads",New!
https://s.pdfdrive.com/assets/thumbs/da3/da347d1a6716b3a5932344fb28acbe3f-s.jpg,https://www.pdfdrive.com/fundamentals-of-the-java-programming-language-java-se-6-e8677875.html,301 Pages,2009,6.39 MB,"12,997 Downloads",old
https://s.pdfdrive.com/assets/thumbs/f20/f208d4c4de14c88fb4b93e7553b05ea4-s.jpg,https://www.pdfdrive.com/java-programming-learn-advanced-skills-from-a-java-expert-e187009985.html,669 Pages,2016,8.69 MB,"10,551 Downloads",New!
https://s.pdfdrive.com/assets/thumbs/3dc/3dc94d9ce4f2cb155331aba76718d8c6-s.jpg,https://www.pdfdrive.com/pro-jpa-2-in-java-ee-8-an-in-depth-guide-to-java-persistence-apis-e158453877.html,771 Pages,2018,7.28 MB,"10,527 Downloads",New!
https://s.pdfdrive.com/assets/thumbs/d3c/d3c329dd2c26839e9c292edfb0b5c054-s.jpg,https://www.pdfdrive.com/functional-programming-in-java-how-functional-techniques-improve-your-java-programs-e187679724.html,476 Pages,2017,6.39 MB,"8,031 Downloads",New!
https://s.pdfdrive.com/assets/thumbs/298/29832a3743491bf8a70ddbaace686bf5-s.jpg,https://www.pdfdrive.com/learn-java-8-in-a-week-a-beginners-guide-to-java-programming-e188445398.html,107 Pages,2019,2.42 MB,"7,676 Downloads",New!
https://s.pdfdrive.com/assets/thumbs/58c/58c7e9e501565ad2197077ea8ecb6e7a-s.jpg,https://www.pdfdrive.com/android-app-development-in-android-studio-javaandroid-edition-for-beginners-e60596566.html,202 Pages,2017,10.08 MB,"68,107 Downloads",old
https://s.pdfdrive.com/assets/thumbs/25e/25ecf04119247a5286ea0ce374b2a30f-s.jpg,https://www.pdfdrive.com/android-programming-for-beginners-learn-all-the-java-and-android-skills-you-need-to-start-making-powerful-mobile-applications-e182719860.html,698 Pages,2015,10.1 MB,"67,474 Downloads",New!
https://s.pdfdrive.com/assets/thumbs/395/395a46f7b0f8e5a7175a46e7419c930a-s.jpg,https://www.pdfdrive.com/java-ee-7-developer-handbook-develop-professional-applications-in-java-ee-7-with-this-essential-e187378304.html,634 Pages,2016,8.31 MB,"5,562 Downloads",New!
https://s.pdfdrive.com/assets/thumbs/224/224c6bfec6d59734fcd89060d4a821d7-s.jpg,https://www.pdfdrive.com/head-first-java-e175339683.html,722 Pages,2016,45.44 MB,"42,191 Downloads",New!
https://s.pdfdrive.com/assets/thumbs/b74/b748c9fdf915647af7fd8a3aad26d122-s.jpg,https://www.pdfdrive.com/head-first-java-2nd-e19984272.html,690 Pages,2008,33.97 MB,"38,946 Downloads",old
https://s.pdfdrive.com/assets/thumbs/f64/f64514358a470656f9656ec0f7d286ae-s.jpg,https://www.pdfdrive.com/java-for-absolute-beginners-learn-to-program-the-fundamentals-the-java-9-way-e185771881.html,623 Pages,2019,13.42 MB,"99,348 Downloads",New!
https://s.pdfdrive.com/assets/thumbs/608/6084d61c1422223f66c68c68a41aeda1-s.jpg,https://www.pdfdrive.com/java-java-programming-for-beginners-a-simple-start-to-java-programming-e186416077.html,221 Pages,2016,837 KB,"23,176 Downloads",New!
https://s.pdfdrive.com/assets/thumbs/d87/d87b720ae544742b0378e197c843dc85-s.jpg,https://www.pdfdrive.com/java-easy-java-programming-for-beginners-your-step-by-step-guide-to-learning-java-programming-e186308193.html,inconnu,2016,2.35 MB,"66,263 Downloads",New!
https://s.pdfdrive.com/assets/thumbs/265/2659aac2cb5244e6aeb4b203b9354d4b-s.jpg,https://www.pdfdrive.com/java-interview-questions-top-20-java-interview-programs-and-answers-e158308977.html,457 Pages,2017,1.35 MB,"37,389 Downloads",New!
https://s.pdfdrive.com/assets/thumbs/033/0332f0a4d679d2f98a4917414b124e6d-s.jpg,https://www.pdfdrive.com/java-interview-notes-700-java-interview-questions-answered-e188451446.html,224 Pages,2016,1.63 MB,"19,903 Downloads",New!
https://s.pdfdrive.com/assets/thumbs/501/501b9352335a4fd0ab002662a3887de9-s.jpg,https://www.pdfdrive.com/java-java-java-trinity-college-e873097.html,865 Pages,2012,6.28 MB,"7,175 Downloads",old
https://s.pdfdrive.com/assets/thumbs/bc7/bc77d785237774eafdd93194c7597c3f-s.jpg,https://www.pdfdrive.com/software-development-for-engineers-cc-pascal-assembly-visual-basic-html-java-script-java-e161800073.html,inconnu,1997,35.19 MB,"42,601 Downloads",New!
https://s.pdfdrive.com/assets/thumbs/b25/b259829741ac7023105df22023010ce1-s.jpg,https://www.pdfdrive.com/sams-teach-yourself-java-in-21-days-covering-java-7-and-android-e948754.html,85 Pages,2012,741 KB,"16,697 Downloads",old
https://s.pdfdrive.com/assets/thumbs/164/164044b5afed785abb69698f89ff6917-s.jpg,https://www.pdfdrive.com/java-para-novatos-cómo-aprender-programación-orientada-a-objetos-con-java-sin-desesperarse-e106240086.html,459 Pages,2017,2.8 MB,"14,121 Downloads",New!
https://s.pdfdrive.com/assets/thumbs/c05/c05da6378d59f26c729ad7ae2ece5ade-s.jpg,https://www.pdfdrive.com/opencv-30-computer-vision-with-java-create-multiplatform-computer-vision-desktop-and-web-applications-using-the-combination-of-opencv-and-java-e167346593.html,174 Pages,2015,5.23 MB,"13,991 Downloads",New!
https://s.pdfdrive.com/assets/thumbs/da3/da347d1a6716b3a5932344fb28acbe3f-s.jpg,https://www.pdfdrive.com/fundamentals-of-the-java-programming-language-java-se-6-e8677875.html,301 Pages,2009,6.39 MB,"12,997 Downloads",old
https://s.pdfdrive.com/assets/thumbs/f20/f208d4c4de14c88fb4b93e7553b05ea4-s.jpg,https://www.pdfdrive.com/java-programming-learn-advanced-skills-from-a-java-expert-e187009985.html,669 Pages,2016,8.69 MB,"10,551 Downloads",New!
https://s.pdfdrive.com/assets/thumbs/3dc/3dc94d9ce4f2cb155331aba76718d8c6-s.jpg,https://www.pdfdrive.com/pro-jpa-2-in-java-ee-8-an-in-depth-guide-to-java-persistence-apis-e158453877.html,771 Pages,2018,7.28 MB,"10,527 Downloads",New!
https://s.pdfdrive.com/assets/thumbs/d3c/d3c329dd2c26839e9c292edfb0b5c054-s.jpg,https://www.pdfdrive.com/functional-programming-in-java-how-functional-techniques-improve-your-java-programs-e187679724.html,476 Pages,2017,6.39 MB,"8,031 Downloads",New!
https://s.pdfdrive.com/assets/thumbs/298/29832a3743491bf8a70ddbaace686bf5-s.jpg,https://www.pdfdrive.com/learn-java-8-in-a-week-a-beginners-guide-to-java-programming-e188445398.html,107 Pages,2019,2.42 MB,"7,676 Downloads",New!
https://s.pdfdrive.com/assets/thumbs/58c/58c7e9e501565ad2197077ea8ecb6e7a-s.jpg,https://www.pdfdrive.com/android-app-development-in-android-studio-javaandroid-edition-for-beginners-e60596566.html,202 Pages,2017,10.08 MB,"68,107 Downloads",old
https://s.pdfdrive.com/assets/thumbs/25e/25ecf04119247a5286ea0ce374b2a30f-s.jpg,https://www.pdfdrive.com/android-programming-for-beginners-learn-all-the-java-and-android-skills-you-need-to-start-making-powerful-mobile-applications-e182719860.html,698 Pages,2015,10.1 MB,"67,474 Downloads",New!
https://s.pdfdrive.com/assets/thumbs/395/395a46f7b0f8e5a7175a46e7419c930a-s.jpg,https://www.pdfdrive.com/java-ee-7-developer-handbook-develop-professional-applications-in-java-ee-7-with-this-essential-e187378304.html,634 Pages,2016,8.31 MB,"5,562 Downloads",New!
https://s.pdfdrive.com/assets/thumbs/224/224c6bfec6d59734fcd89060d4a821d7-s.jpg,https://www.pdfdrive.com/head-first-java-e175339683.html,722 Pages,2016,45.44 MB,"42,191 Downloads",New!
https://s.pdfdrive.com/assets/thumbs/b74/b748c9fdf915647af7fd8a3aad26d122-s.jpg,https://www.pdfdrive.com/head-first-java-2nd-e19984272.html,690 Pages,2008,33.97 MB,"38,946 Downloads",old
https://s.pdfdrive.com/assets/thumbs/f64/f64514358a470656f9656ec0f7d286ae-s.jpg,https://www.pdfdrive.com/java-for-absolute-beginners-learn-to-program-the-fundamentals-the-java-9-way-e185771881.html,623 Pages,2019,13.42 MB,"99,348 Downloads",New!
https://s.pdfdrive.com/assets/thumbs/608/6084d61c1422223f66c68c68a41aeda1-s.jpg,https://www.pdfdrive.com/java-java-programming-for-beginners-a-simple-start-to-java-programming-e186416077.html,221 Pages,2016,837 KB,"23,176 Downloads",New!
https://s.pdfdrive.com/assets/thumbs/d87/d87b720ae544742b0378e197c843dc85-s.jpg,https://www.pdfdrive.com/java-easy-java-programming-for-beginners-your-step-by-step-guide-to-learning-java-programming-e186308193.html,inconnu,2016,2.35 MB,"66,263 Downloads",New!
https://s.pdfdrive.com/assets/thumbs/265/2659aac2cb5244e6aeb4b203b9354d4b-s.jpg,https://www.pdfdrive.com/java-interview-questions-top-20-java-interview-programs-and-answers-e158308977.html,457 Pages,2017,1.35 MB,"37,389 Downloads",New!
https://s.pdfdrive.com/assets/thumbs/033/0332f0a4d679d2f98a4917414b124e6d-s.jpg,https://www.pdfdrive.com/java-interview-notes-700-java-interview-questions-answered-e188451446.html,224 Pages,2016,1.63 MB,"19,903 Downloads",New!
https://s.pdfdrive.com/assets/thumbs/501/501b9352335a4fd0ab002662a3887de9-s.jpg,https://www.pdfdrive.com/java-java-java-trinity-college-e873097.html,865 Pages,2012,6.28 MB,"7,175 Downloads",old
https://s.pdfdrive.com/assets/thumbs/bc7/bc77d785237774eafdd93194c7597c3f-s.jpg,https://www.pdfdrive.com/software-development-for-engineers-cc-pascal-assembly-visual-basic-html-java-script-java-e161800073.html,inconnu,1997,35.19 MB,"42,601 Downloads",New!
https://s.pdfdrive.com/assets/thumbs/b25/b259829741ac7023105df22023010ce1-s.jpg,https://www.pdfdrive.com/sams-teach-yourself-java-in-21-days-covering-java-7-and-android-e948754.html,85 Pages,2012,741 KB,"16,697 Downloads",old
https://s.pdfdrive.com/assets/thumbs/164/164044b5afed785abb69698f89ff6917-s.jpg,https://www.pdfdrive.com/java-para-novatos-cómo-aprender-programación-orientada-a-objetos-con-java-sin-desesperarse-e106240086.html,459 Pages,2017,2.8 MB,"14,121 Downloads",New!
https://s.pdfdrive.com/assets/thumbs/c05/c05da6378d59f26c729ad7ae2ece5ade-s.jpg,https://www.pdfdrive.com/opencv-30-computer-vision-with-java-create-multiplatform-computer-vision-desktop-and-web-applications-using-the-combination-of-opencv-and-java-e167346593.html,174 Pages,2015,5.23 MB,"13,991 Downloads",New!
https://s.pdfdrive.com/assets/thumbs/da3/da347d1a6716b3a5932344fb28acbe3f-s.jpg,https://www.pdfdrive.com/fundamentals-of-the-java-programming-language-java-se-6-e8677875.html,301 Pages,2009,6.39 MB,"12,997 Downloads",old
https://s.pdfdrive.com/assets/thumbs/f20/f208d4c4de14c88fb4b93e7553b05ea4-s.jpg,https://www.pdfdrive.com/java-programming-learn-advanced-skills-from-a-java-expert-e187009985.html,669 Pages,2016,8.69 MB,"10,551 Downloads",New!
https://s.pdfdrive.com/assets/thumbs/3dc/3dc94d9ce4f2cb155331aba76718d8c6-s.jpg,https://www.pdfdrive.com/pro-jpa-2-in-java-ee-8-an-in-depth-guide-to-java-persistence-apis-e158453877.html,771 Pages,2018,7.28 MB,"10,527 Downloads",New!
https://s.pdfdrive.com/assets/thumbs/d3c/d3c329dd2c26839e9c292edfb0b5c054-s.jpg,https://www.pdfdrive.com/functional-programming-in-java-how-functional-techniques-improve-your-java-programs-e187679724.html,476 Pages,2017,6.39 MB,"8,031 Downloads",New!
https://s.pdfdrive.com/assets/thumbs/298/29832a3743491bf8a70ddbaace686bf5-s.jpg,https://www.pdfdrive.com/learn-java-8-in-a-week-a-beginners-guide-to-java-programming-e188445398.html,107 Pages,2019,2.42 MB,"7,676 Downloads",New!
https://s.pdfdrive.com/assets/thumbs/58c/58c7e9e501565ad2197077ea8ecb6e7a-s.jpg,https://www.pdfdrive.com/android-app-development-in-android-studio-javaandroid-edition-for-beginners-e60596566.html,202 Pages,2017,10.08 MB,"68,107 Downloads",old
https://s.pdfdrive.com/assets/thumbs/25e/25ecf04119247a5286ea0ce374b2a30f-s.jpg,https://www.pdfdrive.com/android-programming-for-beginners-learn-all-the-java-and-android-skills-you-need-to-start-making-powerful-mobile-applications-e182719860.html,698 Pages,2015,10.1 MB,"67,474 Downloads",New!
https://s.pdfdrive.com/assets/thumbs/395/395a46f7b0f8e5a7175a46e7419c930a-s.jpg,https://www.pdfdrive.com/java-ee-7-developer-handbook-develop-professional-applications-in-java-ee-7-with-this-essential-e187378304.html,634 Pages,2016,8.31 MB,"5,562 Downloads",New!
https://s.pdfdrive.com/assets/thumbs/224/224c6bfec6d59734fcd89060d4a821d7-s.jpg,https://www.pdfdrive.com/head-first-java-e175339683.html,722 Pages,2016,45.44 MB,"42,191 Downloads",New!
https://s.pdfdrive.com/assets/thumbs/b74/b748c9fdf915647af7fd8a3aad26d122-s.jpg,https://www.pdfdrive.com/head-first-java-2nd-e19984272.html,690 Pages,2008,33.97 MB,"38,946 Downloads",old
https://s.pdfdrive.com/assets/thumbs/f64/f64514358a470656f9656ec0f7d286ae-s.jpg,https://www.pdfdrive.com/java-for-absolute-beginners-learn-to-program-the-fundamentals-the-java-9-way-e185771881.html,623 Pages,2019,13.42 MB,"99,348 Downloads",New!
https://s.pdfdrive.com/assets/thumbs/608/6084d61c1422223f66c68c68a41aeda1-s.jpg,https://www.pdfdrive.com/java-java-programming-for-beginners-a-simple-start-to-java-programming-e186416077.html,221 Pages,2016,837 KB,"23,176 Downloads",New!
https://s.pdfdrive.com/assets/thumbs/d87/d87b720ae544742b0378e197c843dc85-s.jpg,https://www.pdfdrive.com/java-easy-java-programming-for-beginners-your-step-by-step-guide-to-learning-java-programming-e186308193.html,inconnu,2016,2.35 MB,"66,263 Downloads",New!
https://s.pdfdrive.com/assets/thumbs/265/2659aac2cb5244e6aeb4b203b9354d4b-s.jpg,https://www.pdfdrive.com/java-interview-questions-top-20-java-interview-programs-and-answers-e158308977.html,457 Pages,2017,1.35 MB,"37,389 Downloads",New!
https://s.pdfdrive.com/assets/thumbs/033/0332f0a4d679d2f98a4917414b124e6d-s.jpg,https://www.pdfdrive.com/java-interview-notes-700-java-interview-questions-answered-e188451446.html,224 Pages,2016,1.63 MB,"19,903 Downloads",New!
https://s.pdfdrive.com/assets/thumbs/501/501b9352335a4fd0ab002662a3887de9-s.jpg,https://www.pdfdrive.com/java-java-java-trinity-college-e873097.html,865 Pages,2012,6.28 MB,"7,175 Downloads",old
https://s.pdfdrive.com/assets/thumbs/bc7/bc77d785237774eafdd93194c7597c3f-s.jpg,https://www.pdfdrive.com/software-development-for-engineers-cc-pascal-assembly-visual-basic-html-java-script-java-e161800073.html,inconnu,1997,35.19 MB,"42,601 Downloads",New!
https://s.pdfdrive.com/assets/thumbs/b25/b259829741ac7023105df22023010ce1-s.jpg,https://www.pdfdrive.com/sams-teach-yourself-java-in-21-days-covering-java-7-and-android-e948754.html,85 Pages,2012,741 KB,"16,697 Downloads",old
https://s.pdfdrive.com/assets/thumbs/164/164044b5afed785abb69698f89ff6917-s.jpg,https://www.pdfdrive.com/java-para-novatos-cómo-aprender-programación-orientada-a-objetos-con-java-sin-desesperarse-e106240086.html,459 Pages,2017,2.8 MB,"14,121 Downloads",New!
https://s.pdfdrive.com/assets/thumbs/c05/c05da6378d59f26c729ad7ae2ece5ade-s.jpg,https://www.pdfdrive.com/opencv-30-computer-vision-with-java-create-multiplatform-computer-vision-desktop-and-web-applications-using-the-combination-of-opencv-and-java-e167346593.html,174 Pages,2015,5.23 MB,"13,991 Downloads",New!
https://s.pdfdrive.com/assets/thumbs/da3/da347d1a6716b3a5932344fb28acbe3f-s.jpg,https://www.pdfdrive.com/fundamentals-of-the-java-programming-language-java-se-6-e8677875.html,301 Pages,2009,6.39 MB,"12,997 Downloads",old
https://s.pdfdrive.com/assets/thumbs/f20/f208d4c4de14c88fb4b93e7553b05ea4-s.jpg,https://www.pdfdrive.com/java-programming-learn-advanced-skills-from-a-java-expert-e187009985.html,669 Pages,2016,8.69 MB,"10,551 Downloads",New!
https://s.pdfdrive.com/assets/thumbs/3dc/3dc94d9ce4f2cb155331aba76718d8c6-s.jpg,https://www.pdfdrive.com/pro-jpa-2-in-java-ee-8-an-in-depth-guide-to-java-persistence-apis-e158453877.html,771 Pages,2018,7.28 MB,"10,527 Downloads",New!
https://s.pdfdrive.com/assets/thumbs/d3c/d3c329dd2c26839e9c292edfb0b5c054-s.jpg,https://www.pdfdrive.com/functional-programming-in-java-how-functional-techniques-improve-your-java-programs-e187679724.html,476 Pages,2017,6.39 MB,"8,031 Downloads",New!
https://s.pdfdrive.com/assets/thumbs/298/29832a3743491bf8a70ddbaace686bf5-s.jpg,https://www.pdfdrive.com/learn-java-8-in-a-week-a-beginners-guide-to-java-programming-e188445398.html,107 Pages,2019,2.42 MB,"7,676 Downloads",New!
https://s.pdfdrive.com/assets/thumbs/58c/58c7e9e501565ad2197077ea8ecb6e7a-s.jpg,https://www.pdfdrive.com/android-app-development-in-android-studio-javaandroid-edition-for-beginners-e60596566.html,202 Pages,2017,10.08 MB,"68,107 Downloads",old
https://s.pdfdrive.com/assets/thumbs/25e/25ecf04119247a5286ea0ce374b2a30f-s.jpg,https://www.pdfdrive.com/android-programming-for-beginners-learn-all-the-java-and-android-skills-you-need-to-start-making-powerful-mobile-applications-e182719860.html,698 Pages,2015,10.1 MB,"67,474 Downloads",New!
https://s.pdfdrive.com/assets/thumbs/395/395a46f7b0f8e5a7175a46e7419c930a-s.jpg,https://www.pdfdrive.com/java-ee-7-developer-handbook-develop-professional-applications-in-java-ee-7-with-this-essential-e187378304.html,634 Pages,2016,8.31 MB,"5,562 Downloads",New!
https://s.pdfdrive.com/assets/thumbs/224/224c6bfec6d59734fcd89060d4a821d7-s.jpg,https://www.pdfdrive.com/head-first-java-e175339683.html,722 Pages,2016,45.44 MB,"42,191 Downloads",New!
https://s.pdfdrive.com/assets/thumbs/b74/b748c9fdf915647af7fd8a3aad26d122-s.jpg,https://www.pdfdrive.com/head-first-java-2nd-e19984272.html,690 Pages,2008,33.97 MB,"38,946 Downloads",old
https://s.pdfdrive.com/assets/thumbs/f64/f64514358a470656f9656ec0f7d286ae-s.jpg,https://www.pdfdrive.com/java-for-absolute-beginners-learn-to-program-the-fundamentals-the-java-9-way-e185771881.html,623 Pages,2019,13.42 MB,"99,348 Downloads",New!
https://s.pdfdrive.com/assets/thumbs/f64/f64514358a470656f9656ec0f7d286ae-s.jpg,https://www.pdfdrive.com/java-for-absolute-beginners-learn-to-program-the-fundamentals-the-java-9-way-e185771881.html,623 Pages,2019,13.42 MB,"99,348 Downloads",New!
https://s.pdfdrive.com/assets/thumbs/f64/f64514358a470656f9656ec0f7d286ae-s.jpg,https://www.pdfdrive.com/java-for-absolute-beginners-learn-to-program-the-fundamentals-the-java-9-way-e185771881.html,623 Pages,2019,13.42 MB,"99,348 Downloads",New!
https://s.pdfdrive.com/assets/thumbs/f64/f64514358a470656f9656ec0f7d286ae-s.jpg,https://www.pdfdrive.com/java-for-absolute-beginners-learn-to-program-the-fundamentals-the-java-9-way-e185771881.html,623 Pages,2019,13.42 MB,"99,348 Downloads",New!
https://s.pdfdrive.com/assets/thumbs/f64/f64514358a470656f9656ec0f7d286ae-s.jpg,https://www.pdfdrive.com/java-for-absolute-beginners-learn-to-program-the-fundamentals-the-java-9-way-e185771881.html,623 Pages,2019,13.42 MB,"99,348 Downloads",New!
https://s.pdfdrive.com/assets/thumbs/f64/f64514358a470656f9656ec0f7d286ae-s.jpg,https://www.pdfdrive.com/java-for-absolute-beginners-learn-to-program-the-fundamentals-the-java-9-way-e185771881.html,623 Pages,2019,13.42 MB,"99,348 Downloads",New!
https://s.pdfdrive.com/assets/thumbs/f64/f64514358a470656f9656ec0f7d286ae-s.jpg,https://www.pdfdrive.com/java-for-absolute-beginners-learn-to-program-the-fundamentals-the-java-9-way-e185771881.html,623 Pages,2019,13.42 MB,"99,348 Downloads",New!
https://s.pdfdrive.com/assets/thumbs/f64/f64514358a470656f9656ec0f7d286ae-s.jpg,https://www.pdfdrive.com/java-for-absolute-beginners-learn-to-program-the-fundamentals-the-java-9-way-e185771881.html,623 Pages,2019,13.42 MB,"99,348 Downloads",New!
https://s.pdfdrive.com/assets/thumbs/f64/f64514358a470656f9656ec0f7d286ae-s.jpg,https://www.pdfdrive.com/java-for-absolute-beginners-learn-to-program-the-fundamentals-the-java-9-way-e185771881.html,623 Pages,2019,13.42 MB,"99,348 Downloads",New!
https://s.pdfdrive.com/assets/thumbs/f64/f64514358a470656f9656ec0f7d286ae-s.jpg,https://www.pdfdrive.com/java-for-absolute-beginners-learn-to-program-the-fundamentals-the-java-9-way-e185771881.html,623 Pages,2019,13.42 MB,"99,348 Downloads",New!
https://s.pdfdrive.com/assets/thumbs/f64/f64514358a470656f9656ec0f7d286ae-s.jpg,https://www.pdfdrive.com/java-for-absolute-beginners-learn-to-program-the-fundamentals-the-java-9-way-e185771881.html,623 Pages,2019,13.42 MB,"99,348 Downloads",New!
https://s.pdfdrive.com/assets/thumbs/f64/f64514358a470656f9656ec0f7d286ae-s.jpg,https://www.pdfdrive.com/java-for-absolute-beginners-learn-to-program-the-fundamentals-the-java-9-way-e185771881.html,623 Pages,2019,13.42 MB,"99,348 Downloads",New!
https://s.pdfdrive.com/assets/thumbs/f64/f64514358a470656f9656ec0f7d286ae-s.jpg,https://www.pdfdrive.com/java-for-absolute-beginners-learn-to-program-the-fundamentals-the-java-9-way-e185771881.html,623 Pages,2019,13.42 MB,"99,348 Downloads",New!
https://s.pdfdrive.com/assets/thumbs/f64/f64514358a470656f9656ec0f7d286ae-s.jpg,https://www.pdfdrive.com/java-for-absolute-beginners-learn-to-program-the-fundamentals-the-java-9-way-e185771881.html,623 Pages,2019,13.42 MB,"99,348 Downloads",New!
https://s.pdfdrive.com/assets/thumbs/f64/f64514358a470656f9656ec0f7d286ae-s.jpg,https://www.pdfdrive.com/java-for-absolute-beginners-learn-to-program-the-fundamentals-the-java-9-way-e185771881.html,623 Pages,2019,13.42 MB,"99,348 Downloads",New!
https://s.pdfdrive.com/assets/thumbs/f64/f64514358a470656f9656ec0f7d286ae-s.jpg,https://www.pdfdrive.com/java-for-absolute-beginners-learn-to-program-the-fundamentals-the-java-9-way-e185771881.html,623 Pages,2019,13.42 MB,"99,348 Downloads",New!
https://s.pdfdrive.com/assets/thumbs/f64/f64514358a470656f9656ec0f7d286ae-s.jpg,https://www.pdfdrive.com/java-for-absolute-beginners-learn-to-program-the-fundamentals-the-java-9-way-e185771881.html,623 Pages,2019,13.42 MB,"99,348 Downloads",New!
https://s.pdfdrive.com/assets/thumbs/f64/f64514358a470656f9656ec0f7d286ae-s.jpg,https://www.pdfdrive.com/java-for-absolute-beginners-learn-to-program-the-fundamentals-the-java-9-way-e185771881.html,623 Pages,2019,13.42 MB,"99,348 Downloads",New!
https://s.pdfdrive.com/assets/thumbs/f64/f64514358a470656f9656ec0f7d286ae-s.jpg,https://www.pdfdrive.com/java-for-absolute-beginners-learn-to-program-the-fundamentals-the-java-9-way-e185771881.html,623 Pages,2019,13.42 MB,"99,348 Downloads",New!
https://s.pdfdrive.com/assets/thumbs/f64/f64514358a470656f9656ec0f7d286ae-s.jpg,https://www.pdfdrive.com/java-for-absolute-beginners-learn-to-program-the-fundamentals-the-java-9-way-e185771881.html,623 Pages,2019,13.42 MB,"99,348 Downloads",New!
https://s.pdfdrive.com/assets/thumbs/f64/f64514358a470656f9656ec0f7d286ae-s.jpg,https://www.pdfdrive.com/java-for-absolute-beginners-learn-to-program-the-fundamentals-the-java-9-way-e185771881.html,623 Pages,2019,13.42 MB,"99,348 Downloads",New!
https://s.pdfdrive.com/assets/thumbs/f64/f64514358a470656f9656ec0f7d286ae-s.jpg,https://www.pdfdrive.com/java-for-absolute-beginners-learn-to-program-the-fundamentals-the-java-9-way-e185771881.html,623 Pages,2019,13.42 MB,"99,348 Downloads",New!
https://s.pdfdrive.com/assets/thumbs/f64/f64514358a470656f9656ec0f7d286ae-s.jpg,https://www.pdfdrive.com/java-for-absolute-beginners-learn-to-program-the-fundamentals-the-java-9-way-e185771881.html,623 Pages,2019,13.42 MB,"99,348 Downloads",New!
https://s.pdfdrive.com/assets/thumbs/f64/f64514358a470656f9656ec0f7d286ae-s.jpg,https://www.pdfdrive.com/java-for-absolute-beginners-learn-to-program-the-fundamentals-the-java-9-way-e185771881.html,623 Pages,2019,13.42 MB,"99,348 Downloads",New!
https://s.pdfdrive.com/assets/thumbs/f64/f64514358a470656f9656ec0f7d286ae-s.jpg,https://www.pdfdrive.com/java-for-absolute-beginners-learn-to-program-the-fundamentals-the-java-9-way-e185771881.html,623 Pages,2019,13.42 MB,"99,348 Downloads",New!
https://s.pdfdrive.com/assets/thumbs/f64/f64514358a470656f9656ec0f7d286ae-s.jpg,https://www.pdfdrive.com/java-for-absolute-beginners-learn-to-program-the-fundamentals-the-java-9-way-e185771881.html,623 Pages,2019,13.42 MB,"99,348 Downloads",New!
https://s.pdfdrive.com/assets/thumbs/f64/f64514358a470656f9656ec0f7d286ae-s.jpg,https://www.pdfdrive.com/java-for-absolute-beginners-learn-to-program-the-fundamentals-the-java-9-way-e185771881.html,623 Pages,2019,13.42 MB,"99,348 Downloads",New!
https://s.pdfdrive.com/assets/thumbs/f64/f64514358a470656f9656ec0f7d286ae-s.jpg,https://www.pdfdrive.com/java-for-absolute-beginners-learn-to-program-the-fundamentals-the-java-9-way-e185771881.html,623 Pages,2019,13.42 MB,"99,348 Downloads",New!
https://s.pdfdrive.com/assets/thumbs/f64/f64514358a470656f9656ec0f7d286ae-s.jpg,https://www.pdfdrive.com/java-for-absolute-beginners-learn-to-program-the-fundamentals-the-java-9-way-e185771881.html,623 Pages,2019,13.42 MB,"99,348 Downloads",New!
https://s.pdfdrive.com/assets/thumbs/f64/f64514358a470656f9656ec0f7d286ae-s.jpg,https://www.pdfdrive.com/java-for-absolute-beginners-learn-to-program-the-fundamentals-the-java-9-way-e185771881.html,623 Pages,2019,13.42 MB,"99,348 Downloads",New!
https://s.pdfdrive.com/assets/thumbs/f64/f64514358a470656f9656ec0f7d286ae-s.jpg,https://www.pdfdrive.com/java-for-absolute-beginners-learn-to-program-the-fundamentals-the-java-9-way-e185771881.html,623 Pages,2019,13.42 MB,"99,348 Downloads",New!
https://s.pdfdrive.com/assets/thumbs/f64/f64514358a470656f9656ec0f7d286ae-s.jpg,https://www.pdfdrive.com/java-for-absolute-beginners-learn-to-program-the-fundamentals-the-java-9-way-e185771881.html,623 Pages,2019,13.42 MB,"99,348 Downloads",New!
https://s.pdfdrive.com/assets/thumbs/f64/f64514358a470656f9656ec0f7d286ae-s.jpg,https://www.pdfdrive.com/java-for-absolute-beginners-learn-to-program-the-fundamentals-the-java-9-way-e185771881.html,623 Pages,2019,13.42 MB,"99,348 Downloads",New!
https://s.pdfdrive.com/assets/thumbs/f64/f64514358a470656f9656ec0f7d286ae-s.jpg,https://www.pdfdrive.com/java-for-absolute-beginners-learn-to-program-the-fundamentals-the-java-9-way-e185771881.html,623 Pages,2019,13.42 MB,"99,348 Downloads",New!
https://s.pdfdrive.com/assets/thumbs/f64/f64514358a470656f9656ec0f7d286ae-s.jpg,https://www.pdfdrive.com/java-for-absolute-beginners-learn-to-program-the-fundamentals-the-java-9-way-e185771881.html,623 Pages,2019,13.42 MB,"99,348 Downloads",New!
https://s.pdfdrive.com/assets/thumbs/f64/f64514358a470656f9656ec0f7d286ae-s.jpg,https://www.pdfdrive.com/java-for-absolute-beginners-learn-to-program-the-fundamentals-the-java-9-way-e185771881.html,623 Pages,2019,13.42 MB,"99,348 Downloads",New!
https://s.pdfdrive.com/assets/thumbs/f64/f64514358a470656f9656ec0f7d286ae-s.jpg,https://www.pdfdrive.com/java-for-absolute-beginners-learn-to-program-the-fundamentals-the-java-9-way-e185771881.html,623 Pages,2019,13.42 MB,"99,348 Downloads",New!
https://s.pdfdrive.com/assets/thumbs/f64/f64514358a470656f9656ec0f7d286ae-s.jpg,https://www.pdfdrive.com/java-for-absolute-beginners-learn-to-program-the-fundamentals-the-java-9-way-e185771881.html,623 Pages,2019,13.42 MB,"99,348 Downloads",New!
https://s.pdfdrive.com/assets/thumbs/f64/f64514358a470656f9656ec0f7d286ae-s.jpg,https://www.pdfdrive.com/java-for-absolute-beginners-learn-to-program-the-fundamentals-the-java-9-way-e185771881.html,623 Pages,2019,13.42 MB,"99,348 Downloads",New!
https://s.pdfdrive.com/assets/thumbs/f64/f64514358a470656f9656ec0f7d286ae-s.jpg,https://www.pdfdrive.com/java-for-absolute-beginners-learn-to-program-the-fundamentals-the-java-9-way-e185771881.html,623 Pages,2019,13.42 MB,"99,348 Downloads",New!
https://s.pdfdrive.com/assets/thumbs/f64/f64514358a470656f9656ec0f7d286ae-s.jpg,https://www.pdfdrive.com/java-for-absolute-beginners-learn-to-program-the-fundamentals-the-java-9-way-e185771881.html,623 Pages,2019,13.42 MB,"99,348 Downloads",New!
https://s.pdfdrive.com/assets/thumbs/f64/f64514358a470656f9656ec0f7d286ae-s.jpg,https://www.pdfdrive.com/java-for-absolute-beginners-learn-to-program-the-fundamentals-the-java-9-way-e185771881.html,623 Pages,2019,13.42 MB,"99,348 Downloads",New!
https://s.pdfdrive.com/assets/thumbs/f64/f64514358a470656f9656ec0f7d286ae-s.jpg,https://www.pdfdrive.com/java-for-absolute-beginners-learn-to-program-the-fundamentals-the-java-9-way-e185771881.html,623 Pages,2019,13.42 MB,"99,348 Downloads",New!
https://s.pdfdrive.com/assets/thumbs/f64/f64514358a470656f9656ec0f7d286ae-s.jpg,https://www.pdfdrive.com/java-for-absolute-beginners-learn-to-program-the-fundamentals-the-java-9-way-e185771881.html,623 Pages,2019,13.42 MB,"99,348 Downloads",New!
https://s.pdfdrive.com/assets/thumbs/f64/f64514358a470656f9656ec0f7d286ae-s.jpg,https://www.pdfdrive.com/java-for-absolute-beginners-learn-to-program-the-fundamentals-the-java-9-way-e185771881.html,623 Pages,2019,13.42 MB,"99,348 Downloads",New!
https://s.pdfdrive.com/assets/thumbs/f64/f64514358a470656f9656ec0f7d286ae-s.jpg,https://www.pdfdrive.com/java-for-absolute-beginners-learn-to-program-the-fundamentals-the-java-9-way-e185771881.html,623 Pages,2019,13.42 MB,"99,348 Downloads",New!
https://s.pdfdrive.com/assets/thumbs/f64/f64514358a470656f9656ec0f7d286ae-s.jpg,https://www.pdfdrive.com/java-for-absolute-beginners-learn-to-program-the-fundamentals-the-java-9-way-e185771881.html,623 Pages,2019,13.42 MB,"99,348 Downloads",New!
https://s.pdfdrive.com/assets/thumbs/f64/f64514358a470656f9656ec0f7d286ae-s.jpg,https://www.pdfdrive.com/java-for-absolute-beginners-learn-to-program-the-fundamentals-the-java-9-way-e185771881.html,623 Pages,2019,13.42 MB,"99,348 Downloads",New!
https://s.pdfdrive.com/assets/thumbs/f64/f64514358a470656f9656ec0f7d286ae-s.jpg,https://www.pdfdrive.com/java-for-absolute-beginners-learn-to-program-the-fundamentals-the-java-9-way-e185771881.html,623 Pages,2019,13.42 MB,"99,348 Downloads",New!
https://s.pdfdrive.com/assets/thumbs/f64/f64514358a470656f9656ec0f7d286ae-s.jpg,https://www.pdfdrive.com/java-for-absolute-beginners-learn-to-program-the-fundamentals-the-java-9-way-e185771881.html,623 Pages,2019,13.42 MB,"99,348 Downloads",New!
https://s.pdfdrive.com/assets/thumbs/f64/f64514358a470656f9656ec0f7d286ae-s.jpg,https://www.pdfdrive.com/java-for-absolute-beginners-learn-to-program-the-fundamentals-the-java-9-way-e185771881.html,623 Pages,2019,13.42 MB,"99,348 Downloads",New!
https://s.pdfdrive.com/assets/thumbs/f64/f64514358a470656f9656ec0f7d286ae-s.jpg,https://www.pdfdrive.com/java-for-absolute-beginners-learn-to-program-the-fundamentals-the-java-9-way-e185771881.html,623 Pages,2019,13.42 MB,"99,348 Downloads",New!
https://s.pdfdrive.com/assets/thumbs/f64/f64514358a470656f9656ec0f7d286ae-s.jpg,https://www.pdfdrive.com/java-for-absolute-beginners-learn-to-program-the-fundamentals-the-java-9-way-e185771881.html,623 Pages,2019,13.42 MB,"99,348 Downloads",New!
https://s.pdfdrive.com/assets/thumbs/f64/f64514358a470656f9656ec0f7d286ae-s.jpg,https://www.pdfdrive.com/java-for-absolute-beginners-learn-to-program-the-fundamentals-the-java-9-way-e185771881.html,623 Pages,2019,13.42 MB,"99,348 Downloads",New!
https://s.pdfdrive.com/assets/thumbs/f64/f64514358a470656f9656ec0f7d286ae-s.jpg,https://www.pdfdrive.com/java-for-absolute-beginners-learn-to-program-the-fundamentals-the-java-9-way-e185771881.html,623 Pages,2019,13.42 MB,"99,348 Downloads",New!
https://s.pdfdrive.com/assets/thumbs/f64/f64514358a470656f9656ec0f7d286ae-s.jpg,https://www.pdfdrive.com/java-for-absolute-beginners-learn-to-program-the-fundamentals-the-java-9-way-e185771881.html,623 Pages,2019,13.42 MB,"99,348 Downloads",New!
https://s.pdfdrive.com/assets/thumbs/f64/f64514358a470656f9656ec0f7d286ae-s.jpg,https://www.pdfdrive.com/java-for-absolute-beginners-learn-to-program-the-fundamentals-the-java-9-way-e185771881.html,623 Pages,2019,13.42 MB,"99,348 Downloads",New!
https://s.pdfdrive.com/assets/thumbs/f64/f64514358a470656f9656ec0f7d286ae-s.jpg,https://www.pdfdrive.com/java-for-absolute-beginners-learn-to-program-the-fundamentals-the-java-9-way-e185771881.html,623 Pages,2019,13.42 MB,"99,348 Downloads",New!
https://s.pdfdrive.com/assets/thumbs/f64/f64514358a470656f9656ec0f7d286ae-s.jpg,https://www.pdfdrive.com/java-for-absolute-beginners-learn-to-program-the-fundamentals-the-java-9-way-e185771881.html,623 Pages,2019,13.42 MB,"99,348 Downloads",New!
https://s.pdfdrive.com/assets/thumbs/f64/f64514358a470656f9656ec0f7d286ae-s.jpg,https://www.pdfdrive.com/java-for-absolute-beginners-learn-to-program-the-fundamentals-the-java-9-way-e185771881.html,623 Pages,2019,13.42 MB,"99,348 Downloads",New!
https://s.pdfdrive.com/assets/thumbs/f64/f64514358a470656f9656ec0f7d286ae-s.jpg,https://www.pdfdrive.com/java-for-absolute-beginners-learn-to-program-the-fundamentals-the-java-9-way-e185771881.html,623 Pages,2019,13.42 MB,"99,348 Downloads",New!
https://s.pdfdrive.com/assets/thumbs/f64/f64514358a470656f9656ec0f7d286ae-s.jpg,https://www.pdfdrive.com/java-for-absolute-beginners-learn-to-program-the-fundamentals-the-java-9-way-e185771881.html,623 Pages,2019,13.42 MB,"99,348 Downloads",New!
https://s.pdfdrive.com/assets/thumbs/f64/f64514358a470656f9656ec0f7d286ae-s.jpg,https://www.pdfdrive.com/java-for-absolute-beginners-learn-to-program-the-fundamentals-the-java-9-way-e185771881.html,623 Pages,2019,13.42 MB,"99,348 Downloads",New!
https://s.pdfdrive.com/assets/thumbs/f64/f64514358a470656f9656ec0f7d286ae-s.jpg,https://www.pdfdrive.com/java-for-absolute-beginners-learn-to-program-the-fundamentals-the-java-9-way-e185771881.html,623 Pages,2019,13.42 MB,"99,348 Downloads",New!
https://s.pdfdrive.com/assets/thumbs/f64/f64514358a470656f9656ec0f7d286ae-s.jpg,https://www.pdfdrive.com/java-for-absolute-beginners-learn-to-program-the-fundamentals-the-java-9-way-e185771881.html,623 Pages,2019,13.42 MB,"99,348 Downloads",New!
https://s.pdfdrive.com/assets/thumbs/f64/f64514358a470656f9656ec0f7d286ae-s.jpg,https://www.pdfdrive.com/java-for-absolute-beginners-learn-to-program-the-fundamentals-the-java-9-way-e185771881.html,623 Pages,2019,13.42 MB,"99,348 Downloads",New!
https://s.pdfdrive.com/assets/thumbs/f64/f64514358a470656f9656ec0f7d286ae-s.jpg,https://www.pdfdrive.com/java-for-absolute-beginners-learn-to-program-the-fundamentals-the-java-9-way-e185771881.html,623 Pages,2019,13.42 MB,"99,348 Downloads",New!
https://s.pdfdrive.com/assets/thumbs/f64/f64514358a470656f9656ec0f7d286ae-s.jpg,https://www.pdfdrive.com/java-for-absolute-beginners-learn-to-program-the-fundamentals-the-java-9-way-e185771881.html,623 Pages,2019,13.42 MB,"99,348 Downloads",New!
https://s.pdfdrive.com/assets/thumbs/f64/f64514358a470656f9656ec0f7d286ae-s.jpg,https://www.pdfdrive.com/java-for-absolute-beginners-learn-to-program-the-fundamentals-the-java-9-way-e185771881.html,623 Pages,2019,13.42 MB,"99,348 Downloads",New!
https://s.pdfdrive.com/assets/thumbs/f64/f64514358a470656f9656ec0f7d286ae-s.jpg,https://www.pdfdrive.com/java-for-absolute-beginners-learn-to-program-the-fundamentals-the-java-9-way-e185771881.html,623 Pages,2019,13.42 MB,"99,348 Downloads",New!
https://s.pdfdrive.com/assets/thumbs/f64/f64514358a470656f9656ec0f7d286ae-s.jpg,https://www.pdfdrive.com/java-for-absolute-beginners-learn-to-program-the-fundamentals-the-java-9-way-e185771881.html,623 Pages,2019,13.42 MB,"99,348 Downloads",New!
https://s.pdfdrive.com/assets/thumbs/f64/f64514358a470656f9656ec0f7d286ae-s.jpg,https://www.pdfdrive.com/java-for-absolute-beginners-learn-to-program-the-fundamentals-the-java-9-way-e185771881.html,623 Pages,2019,13.42 MB,"99,348 Downloads",New!
https://s.pdfdrive.com/assets/thumbs/f64/f64514358a470656f9656ec0f7d286ae-s.jpg,https://www.pdfdrive.com/java-for-absolute-beginners-learn-to-program-the-fundamentals-the-java-9-way-e185771881.html,623 Pages,2019,13.42 MB,"99,348 Downloads",New!
https://s.pdfdrive.com/assets/thumbs/f64/f64514358a470656f9656ec0f7d286ae-s.jpg,https://www.pdfdrive.com/java-for-absolute-beginners-learn-to-program-the-fundamentals-the-java-9-way-e185771881.html,623 Pages,2019,13.42 MB,"99,348 Downloads",New!
